{"cameraMode":{"drawMode":0,"name":"Shaded","section":"Shading Mode"},"sceneLighting":false,"audioPlay":false,"sceneViewState":{"showFog":false,"showMaterialUpdate":false,"showSkybox":false,"showFlares":false,"showImageEffects":false,"showParticleSystems":false,"showVisualEffectGraphs":true,"m_FxEnabled":true},"in2DMode":false,"pivot":{"x":3.6600000858306886,"y":-4.470348358154297e-8,"z":1.0004351139068604},"rotation":{"x":-0.011770790442824364,"y":0.9693845510482788,"z":-0.24062809348106385,"w":-0.047426655888557437},"size":0.5999999642372131,"orthographic":false}