{"cameraMode":{"drawMode":0,"name":"Shaded","section":"Shading Mode"},"sceneLighting":true,"audioPlay":false,"sceneViewState":{"showFog":false,"showMaterialUpdate":false,"showSkybox":false,"showFlares":false,"showImageEffects":false,"showParticleSystems":false,"showVisualEffectGraphs":true,"m_FxEnabled":true},"in2DMode":false,"pivot":{"x":-7.152557373046875e-7,"y":-2.9802322387695315e-8,"z":-0.024615056812763215},"rotation":{"x":0.00014816265320405364,"y":0.970902681350708,"z":-0.2394593060016632,"w":0.0005974976229481399},"size":1.4043378829956055,"orthographic":false}